text,text_name,line,word,ref,frag,norm,unicode_original,unicode_word,unicode,lemma_id,cf,pos,mask,sense,inst,reading,break_perc,unicode_splitted,break
LZKJPMDPJRCHTAVXRSLYBMFRXI,"Medizinische Texte || pEbers || 71,21-72,10 = Eb 543-550: Heilmittel gegen Blasen",1,4,IBcAOTIQWgKU20QtmBH8IAsXH0o,á¸¥êœ£.t-êœ¥,á¸¥êœ£.t-êœ¥,ğ“„‚ğ“°ğ“‚,ğ“„‚ğ“‚,"['ğ“„‚', 'ğ“‚']",853378,á¸¥êœ£.t-êœ¥,NOUN,,"Anfang (von etwas, mit versch. PrÃ¤positionen)",,,0.0,"['ğ“„‚', 'ğ“‚']","['complete', 'complete']"
LZKJPMDPJRCHTAVXRSLYBMFRXI,"Medizinische Texte || pEbers || 71,21-72,10 = Eb 543-550: Heilmittel gegen Blasen",1,5,IBkAd4TllgWQgkcXp6dZ5kTJagQ,m,m,ğ“…“,ğ“…“,['ğ“…“'],400082,m,PREP,,"in (der Art); von (partitiv); als (Eigenschaft, Material); bestehend aus; in der Eigenschaft als",,,0.0,['ğ“…“'],['complete']
LZKJPMDPJRCHTAVXRSLYBMFRXI,"Medizinische Texte || pEbers || 71,21-72,10 = Eb 543-550: Heilmittel gegen Blasen",1,6,IBcAOdLk32LcRElCiXzYQPNvo3Y,páº–r.t,páº–r.t,ğ“„²ğ“°ğ“‚‹ğ“±ğ“ğ“ˆ’ğ“°ğ“¥,ğ“„²ğ“‚‹ğ“ğ“ˆ’ğ“¥,"['ğ“„²', 'ğ“‚‹', 'ğ“', 'ğ“ˆ’', 'ğ“¥']",61950,páº–r.t,NOUN,,Heilmittel (allg.),,,0.0,"['ğ“„²', 'ğ“‚‹', 'ğ“', 'ğ“ˆ’', 'ğ“¥']","['complete', 'complete', 'complete', 'complete', 'complete']"
LZKJPMDPJRCHTAVXRSLYBMFRXI,"Medizinische Texte || pEbers || 71,21-72,10 = Eb 543-550: Heilmittel gegen Blasen",1,7,IBcAOR0gSl0el03TvWb0yQwDj8s,n.t,n.t,ğ“ˆ–ğ“°ğ“,ğ“ˆ–ğ“,"['ğ“ˆ–', 'ğ“']",79800,n.ê½,ADJ,,von [Genitiv],,,0.0,"['ğ“ˆ–', 'ğ“']","['complete', 'complete']"
LZKJPMDPJRCHTAVXRSLYBMFRXI,"Medizinische Texte || pEbers || 71,21-72,10 = Eb 543-550: Heilmittel gegen Blasen",1,8,IBcAOf5NvDnY7ks9jG2GGDayUj8,dr,dr,ğ“‚§ğ“°ğ“‚‹ğ“±ğ“‚,ğ“‚§ğ“‚‹ğ“‚,"['ğ“‚§', 'ğ“‚‹', 'ğ“‚']",180130,dr,VERB,,entfernen; vertreiben; vertilgen,,,0.0,"['ğ“‚§', 'ğ“‚‹', 'ğ“‚']","['complete', 'complete', 'complete']"
LZKJPMDPJRCHTAVXRSLYBMFRXI,"Medizinische Texte || pEbers || 71,21-72,10 = Eb 543-550: Heilmittel gegen Blasen",1,9,IBcAOViv9HU0JUjAjuhrSKspAE4,êœ£k.wt,êœ£k.wt,ğ“„¿ğ“¢ğ“°ğ“²ğ“ğ“°ğ“ğ“ª,ğ“„¿ğ“¢ğ“²ğ“ğ“ğ“ª,"['ğ“„¿', 'ğ“¢', 'ğ“²', 'ğ“', 'ğ“', 'ğ“ª']",306,êœ£k.wt,NOUN,,[eine Krankheit],,,0.0,"['ğ“„¿', 'ğ“¢', 'ğ“²', 'ğ“', 'ğ“', 'ğ“ª']","['complete', 'complete', 'complete', 'complete', 'complete', 'complete']"
LZKJPMDPJRCHTAVXRSLYBMFRXI,"Medizinische Texte || pEbers || 71,21-72,10 = Eb 543-550: Heilmittel gegen Blasen",2,2,IBcAOb5GNuoPBkAzl6UQhFoUsTI,bnê½.w,bnê½.w,ğ“‡œğ“‡‹ğ“²ğ“Œğ“°ğ“¥,ğ“‡œğ“‡‹ğ“²ğ“Œğ“¥,"['ğ“‡œ', 'ğ“‡‹', 'ğ“²', 'ğ“Œ', 'ğ“¥']",55570,bnê½.w,NOUN,,Dattelsaft,,,0.0,"['ğ“‡œ', 'ğ“‡‹', 'ğ“²', 'ğ“Œ', 'ğ“¥']","['complete', 'complete', 'complete', 'complete', 'complete']"
LZKJPMDPJRCHTAVXRSLYBMFRXI,"Medizinische Texte || pEbers || 71,21-72,10 = Eb 543-550: Heilmittel gegen Blasen",2,3,IBcAOWlqfp1rlUNkomzNWXGjWZc,1,1,ğ“¤,ğ“¤,['ğ“¤'],850814,1...n,NUM,,[Kardinalzahl (ganze Zahlen und BrÃ¼che) in Ziffernschreibung],,,0.0,['ğ“¤'],['complete']
LZKJPMDPJRCHTAVXRSLYBMFRXI,"Medizinische Texte || pEbers || 71,21-72,10 = Eb 543-550: Heilmittel gegen Blasen",2,4,IBcAOUdpNjREHENujqQlTMvMvWU,bd.t-á¸¥êœ£wr.t,bd.t-á¸¥êœ£wr.t,ğ“ƒ€ğ“‚§ğ“°ğ“ğ“±ğ“†‡ğ“‡‰ğ“„¿ğ“²ğ“‚‹ğ“°ğ“ğ“†‡,ğ“ƒ€ğ“‚§ğ“ğ“†‡ğ“‡‰ğ“„¿ğ“²ğ“‚‹ğ“ğ“†‡,"['ğ“ƒ€', 'ğ“‚§', 'ğ“', 'ğ“†‡', 'ğ“‡‰', 'ğ“„¿', 'ğ“²', 'ğ“‚‹', 'ğ“', 'ğ“†‡']",854747,bd.t-á¸¥êœ£wr.t,NOUN,,[Natronart],,,0.0,"['ğ“ƒ€', 'ğ“‚§', 'ğ“', 'ğ“†‡', 'ğ“‡‰', 'ğ“„¿', 'ğ“²', 'ğ“‚‹', 'ğ“', 'ğ“†‡']","['complete', 'complete', 'complete', 'complete', 'complete', 'complete', 'complete', 'complete', 'complete', 'complete']"
LZKJPMDPJRCHTAVXRSLYBMFRXI,"Medizinische Texte || pEbers || 71,21-72,10 = Eb 543-550: Heilmittel gegen Blasen",2,5,IBcAOXGOxGnniEfTmM4mHDgufUo,1,1,ğ“¤,ğ“¤,['ğ“¤'],850814,1...n,NUM,,[Kardinalzahl (ganze Zahlen und BrÃ¼che) in Ziffernschreibung],,,0.0,['ğ“¤'],['complete']
LZKJPMDPJRCHTAVXRSLYBMFRXI,"Medizinische Texte || pEbers || 71,21-72,10 = Eb 543-550: Heilmittel gegen Blasen",2,6,IBcAOe1YN1ff9E23mgPX15N43Vg,qmy.t,qmy.t,ğ“…¯ğ“‡‹ğ“‡‹ğ“ğ“ˆ’ğ“°ğ“¥,ğ“…¯ğ“‡‹ğ“‡‹ğ“ğ“ˆ’ğ“¥,"['ğ“…¯', 'ğ“‡‹', 'ğ“‡‹', 'ğ“', 'ğ“ˆ’', 'ğ“¥']",160800,qmy.t,NOUN,,Harz; Gummi,,,0.0,"['ğ“…¯', 'ğ“‡‹', 'ğ“‡‹', 'ğ“', 'ğ“ˆ’', 'ğ“¥']","['complete', 'complete', 'complete', 'complete', 'complete', 'complete']"
LZKJPMDPJRCHTAVXRSLYBMFRXI,"Medizinische Texte || pEbers || 71,21-72,10 = Eb 543-550: Heilmittel gegen Blasen",2,7,IBcAOdcSnxVhK0DhhtDXFaaO2DA,1,1,ğ“¤,ğ“¤,['ğ“¤'],850814,1...n,NUM,,[Kardinalzahl (ganze Zahlen und BrÃ¼che) in Ziffernschreibung],,,0.0,['ğ“¤'],['complete']
LZKJPMDPJRCHTAVXRSLYBMFRXI,"Medizinische Texte || pEbers || 71,21-72,10 = Eb 543-550: Heilmittel gegen Blasen",2,8,IBcAOY8qvdTYPEWbopWeZGgZx98,bê½.t,bê½.t,ğ“†¤ğ“ğ“Œğ“°ğ“¥,ğ“†¤ğ“ğ“Œğ“¥,"['ğ“†¤', 'ğ“', 'ğ“Œ', 'ğ“¥']",54210,bê½.t,NOUN,,Honig,,,0.0,"['ğ“†¤', 'ğ“', 'ğ“Œ', 'ğ“¥']","['complete', 'complete', 'complete', 'complete']"
LZKJPMDPJRCHTAVXRSLYBMFRXI,"Medizinische Texte || pEbers || 71,21-72,10 = Eb 543-550: Heilmittel gegen Blasen",2,9,IBcAOaHa4Fegi0vAllwLFx4YOrE,1,1,ğ“¤,ğ“¤,['ğ“¤'],850814,1...n,NUM,,[Kardinalzahl (ganze Zahlen und BrÃ¼che) in Ziffernschreibung],,,0.0,['ğ“¤'],['complete']
LZKJPMDPJRCHTAVXRSLYBMFRXI,"Medizinische Texte || pEbers || 71,21-72,10 = Eb 543-550: Heilmittel gegen Blasen",3,1,IBcAOcx6EkCWWkkbm5FEnQ4cf6U,á¸iÌ¯,á¸iÌ¯,ğ“‚,ğ“‚,['ğ“‚'],96700,rá¸iÌ¯,VERB,,geben; legen; setzen; zeigen,,,0.0,['ğ“‚'],['complete']
LZKJPMDPJRCHTAVXRSLYBMFRXI,"Medizinische Texte || pEbers || 71,21-72,10 = Eb 543-550: Heilmittel gegen Blasen",3,2,IBcAOS40EAw9WUIFh9Y7Y0uWuv0,r,r,ğ“‚‹,ğ“‚‹,['ğ“‚‹'],91901,r,PREP,,"zu (lok.); bis (lok.); an (lok.); [in Richtung auf (e. Ort, e. Sache, e. Person)]; [lokal]",,,0.0,['ğ“‚‹'],['complete']
LZKJPMDPJRCHTAVXRSLYBMFRXI,"Medizinische Texte || pEbers || 71,21-72,10 = Eb 543-550: Heilmittel gegen Blasen",3,3,IBcAOaEYr07BWU0QgsYghhX1x2E,â¸—s,â¸—s,ğ“‹´,ğ“‹´,['ğ“‹´'],10090,â¸—s,PRON,,[Suffix Pron.sg.3.f.],,,0.0,['ğ“‹´'],['complete']
LZKJPMDPJRCHTAVXRSLYBMFRXI,"Medizinische Texte || pEbers || 71,21-72,10 = Eb 543-550: Heilmittel gegen Blasen",4,2,IBcAOZW0SZSVQEWSiWQSZHYM02Q,k.t,k.t,ğ“¢ğ“°ğ“,ğ“¢ğ“,"['ğ“¢', 'ğ“']",163760,ky,ADJ,,anderer,,,0.0,"['ğ“¢', 'ğ“']","['complete', 'complete']"
LZKJPMDPJRCHTAVXRSLYBMFRXI,"Medizinische Texte || pEbers || 71,21-72,10 = Eb 543-550: Heilmittel gegen Blasen",5,2,IBcAOQ9PlEV3WUdThL8UiaYt490,twn,twn,ğ“ğ“ƒ¹ğ“°ğ“ˆ–ğ“ƒ’ğ“†°ğ“°ğ“¥,ğ“ğ“ƒ¹ğ“ˆ–ğ“ƒ’ğ“†°ğ“¥,"['ğ“', 'ğ“ƒ¹', 'ğ“ˆ–', 'ğ“ƒ’', 'ğ“†°', 'ğ“¥']",170310,twn,NOUN,,[eine Pflanze],,,0.0,"['ğ“', 'ğ“ƒ¹', 'ğ“ˆ–', 'ğ“ƒ’', 'ğ“†°', 'ğ“¥']","['complete', 'complete', 'complete', 'complete', 'complete', 'complete']"
LZKJPMDPJRCHTAVXRSLYBMFRXI,"Medizinische Texte || pEbers || 71,21-72,10 = Eb 543-550: Heilmittel gegen Blasen",5,3,IBcAORLnupkRB0WjuvAoNKstLaQ,1,1,ğ“¤,ğ“¤,['ğ“¤'],850814,1...n,NUM,,[Kardinalzahl (ganze Zahlen und BrÃ¼che) in Ziffernschreibung],,,0.0,['ğ“¤'],['complete']
LZKJPMDPJRCHTAVXRSLYBMFRXI,"Medizinische Texte || pEbers || 71,21-72,10 = Eb 543-550: Heilmittel gegen Blasen",5,4,IBcAOZk6bQWGKUbWkik2RvinWQs,bê½.t,bê½.t,ğ“†¤ğ“ğ“Œğ“°ğ“¥,ğ“†¤ğ“ğ“Œğ“¥,"['ğ“†¤', 'ğ“', 'ğ“Œ', 'ğ“¥']",54210,bê½.t,NOUN,,Honig,,,0.0,"['ğ“†¤', 'ğ“', 'ğ“Œ', 'ğ“¥']","['complete', 'complete', 'complete', 'complete']"
LZKJPMDPJRCHTAVXRSLYBMFRXI,"Medizinische Texte || pEbers || 71,21-72,10 = Eb 543-550: Heilmittel gegen Blasen",5,5,IBcAOV0xAuWs10AAjtqRpiQiZno,1,1,ğ“¤,ğ“¤,['ğ“¤'],850814,1...n,NUM,,[Kardinalzahl (ganze Zahlen und BrÃ¼che) in Ziffernschreibung],,,0.0,['ğ“¤'],['complete']
LZKJPMDPJRCHTAVXRSLYBMFRXI,"Medizinische Texte || pEbers || 71,21-72,10 = Eb 543-550: Heilmittel gegen Blasen",5,6,IBcAOeEqvvgUWU1xmoACq8uNrjU,á¸rá¸,á¸rá¸,ğ“„•ğ“¤,ğ“„•ğ“¤,"['ğ“„•', 'ğ“¤']",185150,á¸rá¸,NOUN,,BlÃ¤tter (der BÃ¤ume),,,0.0,"['ğ“„•', 'ğ“¤']","['complete', 'complete']"
LZKJPMDPJRCHTAVXRSLYBMFRXI,"Medizinische Texte || pEbers || 71,21-72,10 = Eb 543-550: Heilmittel gegen Blasen",5,7,IBcAOYRqrkFBR0destUnKu0uWMA,n,n,ğ“ˆ–,ğ“ˆ–,['ğ“ˆ–'],79800,n.ê½,ADJ,,von [Genitiv],,,0.0,['ğ“ˆ–'],['complete']
LZKJPMDPJRCHTAVXRSLYBMFRXI,"Medizinische Texte || pEbers || 71,21-72,10 = Eb 543-550: Heilmittel gegen Blasen",5,8,IBcAOQgyzYMD5Uspji0iQs1anOI,Å¡nd.t,Å¡nd.t,ğ“´ğ“‚§ğ“°ğ“ğ“†®,ğ“´ğ“‚§ğ“ğ“†®,"['ğ“´', 'ğ“‚§', 'ğ“', 'ğ“†®']",156510,Å¡ná¸.t,NOUN,,Dornakazie (Nilakazie),,,0.0,"['ğ“´', 'ğ“‚§', 'ğ“', 'ğ“†®']","['complete', 'complete', 'complete', 'complete']"
LZKJPMDPJRCHTAVXRSLYBMFRXI,"Medizinische Texte || pEbers || 71,21-72,10 = Eb 543-550: Heilmittel gegen Blasen",5,9,IBcAORV3IVfy5UKxpSFFUOQIICI,1,1,ğ“¤,ğ“¤,['ğ“¤'],850814,1...n,NUM,,[Kardinalzahl (ganze Zahlen und BrÃ¼che) in Ziffernschreibung],,,0.0,['ğ“¤'],['complete']
LZKJPMDPJRCHTAVXRSLYBMFRXI,"Medizinische Texte || pEbers || 71,21-72,10 = Eb 543-550: Heilmittel gegen Blasen",5,10,IBcAOXuJVyZQDkjLiXayWtq057Y,á¸êœ£r.t,á¸êœ£r.t,ğ“‘ğ“„¿ğ“‚‹ğ“°ğ“ğ“ˆ’ğ“°ğ“¥,ğ“‘ğ“„¿ğ“‚‹ğ“ğ“ˆ’ğ“¥,"['ğ“‘', 'ğ“„¿', 'ğ“‚‹', 'ğ“', 'ğ“ˆ’', 'ğ“¥']",182260,á¸êœ£r.t,NOUN,,Johannisbrotfrucht,,,0.0,"['ğ“‘', 'ğ“„¿', 'ğ“‚‹', 'ğ“', 'ğ“ˆ’', 'ğ“¥']","['complete', 'complete', 'complete', 'complete', 'complete', 'complete']"
LZKJPMDPJRCHTAVXRSLYBMFRXI,"Medizinische Texte || pEbers || 71,21-72,10 = Eb 543-550: Heilmittel gegen Blasen",5,11,IBcAOaNftW1rs0QmpWNdZbjmQkY,1,1,ğ“¤,ğ“¤,['ğ“¤'],850814,1...n,NUM,,[Kardinalzahl (ganze Zahlen und BrÃ¼che) in Ziffernschreibung],,,0.0,['ğ“¤'],['complete']
LZKJPMDPJRCHTAVXRSLYBMFRXI,"Medizinische Texte || pEbers || 71,21-72,10 = Eb 543-550: Heilmittel gegen Blasen",5,12,IBcAOW9mXYkW90EQrGDhGwmjT0k,sft,sft,ğ“‹´ğ“†‘ğ“°ğ“ğ“Œğ“°ğ“¥,ğ“‹´ğ“†‘ğ“ğ“Œğ“¥,"['ğ“‹´', 'ğ“†‘', 'ğ“', 'ğ“Œ', 'ğ“¥']",133990,sfá¹¯,NOUN,,[eines der sieben heiligen Ã–le],,,0.0,"['ğ“‹´', 'ğ“†‘', 'ğ“', 'ğ“Œ', 'ğ“¥']","['complete', 'complete', 'complete', 'complete', 'complete']"
LZKJPMDPJRCHTAVXRSLYBMFRXI,"Medizinische Texte || pEbers || 71,21-72,10 = Eb 543-550: Heilmittel gegen Blasen",5,13,IBcAOTmWcF64WE5trmQtlkrzEJ8,1,1,ğ“¤,ğ“¤,['ğ“¤'],850814,1...n,NUM,,[Kardinalzahl (ganze Zahlen und BrÃ¼che) in Ziffernschreibung],,,0.0,['ğ“¤'],['complete']
LZKJPMDPJRCHTAVXRSLYBMFRXI,"Medizinische Texte || pEbers || 71,21-72,10 = Eb 543-550: Heilmittel gegen Blasen",6,2,IBcAOQul575aQ0jBlfQPhyERtLw,á¸iÌ¯,á¸iÌ¯,ğ“‚,ğ“‚,['ğ“‚'],96700,rá¸iÌ¯,VERB,,geben; legen; setzen; zeigen,,,0.0,['ğ“‚'],['complete']
LZKJPMDPJRCHTAVXRSLYBMFRXI,"Medizinische Texte || pEbers || 71,21-72,10 = Eb 543-550: Heilmittel gegen Blasen",6,3,IBcAOUZUlkuOYk4xhcjgHHZoQzk,r,r,ğ“‚‹,ğ“‚‹,['ğ“‚‹'],91901,r,PREP,,"zu (lok.); bis (lok.); an (lok.); [in Richtung auf (e. Ort, e. Sache, e. Person)]; [lokal]",,,0.0,['ğ“‚‹'],['complete']
LZKJPMDPJRCHTAVXRSLYBMFRXI,"Medizinische Texte || pEbers || 71,21-72,10 = Eb 543-550: Heilmittel gegen Blasen",6,4,IBcAOTdWRXXf0EDWu0DcVY6F7vE,â¸—s,â¸—s,ğ“‹´,ğ“‹´,['ğ“‹´'],10090,â¸—s,PRON,,[Suffix Pron.sg.3.f.],,,0.0,['ğ“‹´'],['complete']
LZKJPMDPJRCHTAVXRSLYBMFRXI,"Medizinische Texte || pEbers || 71,21-72,10 = Eb 543-550: Heilmittel gegen Blasen",7,2,IBcAOevesAnISkjBnnQ88TQ0qUw,k.t,k.t,ğ“¢ğ“°ğ“,ğ“¢ğ“,"['ğ“¢', 'ğ“']",400645,ky,NOUN,,der Andere,,,0.0,"['ğ“¢', 'ğ“']","['complete', 'complete']"
LZKJPMDPJRCHTAVXRSLYBMFRXI,"Medizinische Texte || pEbers || 71,21-72,10 = Eb 543-550: Heilmittel gegen Blasen",8,1,IBcAOfxNVacsS0h0mvSctUPEnms,mêœ£d,mêœ£d,ğ“Œ´ğ“„¿ğ“‚§ğ“°ğ“ˆ’ğ“±ğ“¥,ğ“Œ´ğ“„¿ğ“‚§ğ“ˆ’ğ“¥,"['ğ“Œ´', 'ğ“„¿', 'ğ“‚§', 'ğ“ˆ’', 'ğ“¥']",67690,mêœ£d,NOUN,,[Mineral (offizinell)],,,0.0,"['ğ“Œ´', 'ğ“„¿', 'ğ“‚§', 'ğ“ˆ’', 'ğ“¥']","['complete', 'complete', 'complete', 'complete', 'complete']"
LZKJPMDPJRCHTAVXRSLYBMFRXI,"Medizinische Texte || pEbers || 71,21-72,10 = Eb 543-550: Heilmittel gegen Blasen",9,1,IBcAOYFtyU9o7EoeoTJjIyvn8Q8,ná¸,ná¸,ğ“©ğ“Œğ“°ğ“‚,ğ“©ğ“Œğ“‚,"['ğ“©', 'ğ“Œ', 'ğ“‚']",90880,ná¸,VERB,,zerreiben; mahlen; abreiben,,,0.0,"['ğ“©', 'ğ“Œ', 'ğ“‚']","['complete', 'complete', 'complete']"
LZKJPMDPJRCHTAVXRSLYBMFRXI,"Medizinische Texte || pEbers || 71,21-72,10 = Eb 543-550: Heilmittel gegen Blasen",9,2,IBcAOW2KPcG5WELckvf9NEnT4dU,snêœ¥êœ¥,snêœ¥êœ¥,ğ“ğ“›,ğ“ğ“›,"['ğ“', 'ğ“›']",136700,snêœ¥êœ¥,VERB,,glÃ¤tten; (fein) zerreiben,,,0.0,"['ğ“', 'ğ“›']","['complete', 'complete']"
LZKJPMDPJRCHTAVXRSLYBMFRXI,"Medizinische Texte || pEbers || 71,21-72,10 = Eb 543-550: Heilmittel gegen Blasen",9,3,IBcAOa6cUtCDmkaPgQp7dbF5jGY,á¸¥r,á¸¥r,ğ“·ğ“¤,ğ“·ğ“¤,"['ğ“·', 'ğ“¤']",400093,á¸¥r,PREP,,und (zur Koordination zweier Subst.); mit,,,0.0,"['ğ“·', 'ğ“¤']","['complete', 'complete']"
LZKJPMDPJRCHTAVXRSLYBMFRXI,"Medizinische Texte || pEbers || 71,21-72,10 = Eb 543-550: Heilmittel gegen Blasen",9,4,IBcAOTcjvKp2JEuunSKLzYujneE,êœ¥ntê½.w,êœ¥ntê½.w,ğ“‚ğ“°ğ“ˆ–ğ“…‚ğ“Šğ“°ğ“¥,ğ“‚ğ“ˆ–ğ“…‚ğ“Šğ“¥,"['ğ“‚', 'ğ“ˆ–', 'ğ“…‚', 'ğ“Š', 'ğ“¥']",39010,êœ¥nt.w,NOUN,,Myrrhenharz (fÃ¼r SalbÃ¶l und Weihrauch),,,0.0,"['ğ“‚', 'ğ“ˆ–', 'ğ“…‚', 'ğ“Š', 'ğ“¥']","['complete', 'complete', 'complete', 'complete', 'complete']"
LZKJPMDPJRCHTAVXRSLYBMFRXI,"Medizinische Texte || pEbers || 71,21-72,10 = Eb 543-550: Heilmittel gegen Blasen",10,1,IBcAOXnPDLWSv0QArbXebd1Grpw,á¸iÌ¯,á¸iÌ¯,ğ“‚,ğ“‚,['ğ“‚'],96700,rá¸iÌ¯,VERB,,geben; legen; setzen; zeigen,,,0.0,['ğ“‚'],['complete']
LZKJPMDPJRCHTAVXRSLYBMFRXI,"Medizinische Texte || pEbers || 71,21-72,10 = Eb 543-550: Heilmittel gegen Blasen",10,2,IBcAOWNb8HHW7U4XgsUnwMuWjDk,r,r,ğ“‚‹,ğ“‚‹,['ğ“‚‹'],91901,r,PREP,,"zu (lok.); bis (lok.); an (lok.); [in Richtung auf (e. Ort, e. Sache, e. Person)]; [lokal]",,,0.0,['ğ“‚‹'],['complete']
LZKJPMDPJRCHTAVXRSLYBMFRXI,"Medizinische Texte || pEbers || 71,21-72,10 = Eb 543-550: Heilmittel gegen Blasen",10,3,IBcAOZeHgQtQj0gWg54YKUAl9Y4,â¸—s,â¸—s,ğ“‹´,ğ“‹´,['ğ“‹´'],10090,â¸—s,PRON,,[Suffix Pron.sg.3.f.],,,0.0,['ğ“‹´'],['complete']
LZKJPMDPJRCHTAVXRSLYBMFRXI,"Medizinische Texte || pEbers || 71,21-72,10 = Eb 543-550: Heilmittel gegen Blasen",11,2,IBcAOY7sfbqWMU7hkx1YWL9ahp8,k.t,k.t,ğ“¢ğ“°ğ“,ğ“¢ğ“,"['ğ“¢', 'ğ“']",400645,ky,NOUN,,der Andere,,,0.0,"['ğ“¢', 'ğ“']","['complete', 'complete']"
LZKJPMDPJRCHTAVXRSLYBMFRXI,"Medizinische Texte || pEbers || 71,21-72,10 = Eb 543-550: Heilmittel gegen Blasen",11,3,IBcAOTkhUI2MWUoppcXQy3NWCYA,n.t,n.t,ğ“ˆ–ğ“°ğ“,ğ“ˆ–ğ“,"['ğ“ˆ–', 'ğ“']",79800,n.ê½,ADJ,,von [Genitiv],,,0.0,"['ğ“ˆ–', 'ğ“']","['complete', 'complete']"
LZKJPMDPJRCHTAVXRSLYBMFRXI,"Medizinische Texte || pEbers || 71,21-72,10 = Eb 543-550: Heilmittel gegen Blasen",11,4,IBcAOWlCC0yhDUsDguvo0m14Ask,dr,dr,ğ“‚§ğ“°ğ“‚‹ğ“€œ,ğ“‚§ğ“‚‹ğ“€œ,"['ğ“‚§', 'ğ“‚‹', 'ğ“€œ']",180130,dr,VERB,,entfernen; vertreiben; vertilgen,,,0.0,"['ğ“‚§', 'ğ“‚‹', 'ğ“€œ']","['complete', 'complete', 'complete']"
LZKJPMDPJRCHTAVXRSLYBMFRXI,"Medizinische Texte || pEbers || 71,21-72,10 = Eb 543-550: Heilmittel gegen Blasen",11,5,IBcAOWZUJSjoMk4skzasqQHWMFw,kêœ£kêœ£.wt.PL,kêœ£kêœ£.wt.PL,ğ“‚“ğ“„¿|lbğ“‚“ğ“„¿ğ“…±ğ“°ğ“ğ“ğ“°ğ“¥,ğ“‚“ğ“„¿ğ“‚“ğ“„¿ğ“…±ğ“ğ“ğ“¥,"['ğ“‚“', 'ğ“„¿', 'ğ“‚“', 'ğ“„¿', 'ğ“…±', 'ğ“', 'ğ“', 'ğ“¥']",163720,kêœ£kêœ£.t,NOUN,,Blase,,,0.0,"['ğ“‚“', 'ğ“„¿', 'ğ“‚“', 'ğ“„¿', 'ğ“…±', 'ğ“', 'ğ“', 'ğ“¥']","['complete', 'complete', 'complete', 'complete', 'complete', 'complete', 'complete', 'complete']"
LZKJPMDPJRCHTAVXRSLYBMFRXI,"Medizinische Texte || pEbers || 71,21-72,10 = Eb 543-550: Heilmittel gegen Blasen",11,7,IBcAOTWhvZjMMUKYoc4qkQfXgWY,m,m,ğ“…“,ğ“…“,['ğ“…“'],400007,m,PREP,,in; zu; an; aus; [lokal],,,0.0,['ğ“…“'],['complete']
LZKJPMDPJRCHTAVXRSLYBMFRXI,"Medizinische Texte || pEbers || 71,21-72,10 = Eb 543-550: Heilmittel gegen Blasen",11,8,IBcAOUJU19zsK0RqqiEseNzlF1M,êœ¥.t,êœ¥.t,ğ“‚ğ“°ğ“ğ“„¹,ğ“‚ğ“ğ“„¹,"['ğ“‚', 'ğ“', 'ğ“„¹']",34550,êœ¥.t,NOUN,,Glied; KÃ¶rperteil,,,0.0,"['ğ“‚', 'ğ“', 'ğ“„¹']","['complete', 'complete', 'complete']"
LZKJPMDPJRCHTAVXRSLYBMFRXI,"Medizinische Texte || pEbers || 71,21-72,10 = Eb 543-550: Heilmittel gegen Blasen",11,9,IBcAOVyEw1LrRU2RpbKE27QG6iQ,nb.t,nb.t,ğ“Ÿğ“°ğ“,ğ“Ÿğ“,"['ğ“Ÿ', 'ğ“']",81660,nb,ADJ,,jeder; alle; irgendein,,,0.0,"['ğ“Ÿ', 'ğ“']","['complete', 'complete']"
LZKJPMDPJRCHTAVXRSLYBMFRXI,"Medizinische Texte || pEbers || 71,21-72,10 = Eb 543-550: Heilmittel gegen Blasen",11,10,IBcAObEf2Adf2EBknQ3hYLz5C8Q,n.t,n.t,ğ“ˆ–ğ“°ğ“,ğ“ˆ–ğ“,"['ğ“ˆ–', 'ğ“']",79800,n.ê½,ADJ,,von [Genitiv],,,0.0,"['ğ“ˆ–', 'ğ“']","['complete', 'complete']"
LZKJPMDPJRCHTAVXRSLYBMFRXI,"Medizinische Texte || pEbers || 71,21-72,10 = Eb 543-550: Heilmittel gegen Blasen",11,11,IBcAOZJ9QSYUSkgJlkNevQFXXi8,s,s,ğ“Šƒğ“°ğ“€€ğ“±ğ“¤,ğ“Šƒğ“€€ğ“¤,"['ğ“Šƒ', 'ğ“€€', 'ğ“¤']",125010,z,NOUN,,Mann; Person; Wesen,,,0.0,"['ğ“Šƒ', 'ğ“€€', 'ğ“¤']","['complete', 'complete', 'complete']"
LZKJPMDPJRCHTAVXRSLYBMFRXI,"Medizinische Texte || pEbers || 71,21-72,10 = Eb 543-550: Heilmittel gegen Blasen",12,1,IBcAOU8poWF0GU7en0yERZYKcRM,êœ¥á¸-êœ¥Å¡,êœ¥á¸-êœ¥Å¡,ğ“™ğ“°ğ“‚§ğ“Œğ“°ğ“¥ğ“‚ğ“°ğ“ˆ™ğ“ğ“†®,ğ“™ğ“‚§ğ“Œğ“¥ğ“‚ğ“ˆ™ğ“ğ“†®,"['ğ“™', 'ğ“‚§', 'ğ“Œ', 'ğ“¥', 'ğ“‚', 'ğ“ˆ™', 'ğ“', 'ğ“†®']",42070,êœ¥á¸-êœ¥Å¡,NOUN,,Harz (von Koniferen),,,0.0,"['ğ“™', 'ğ“‚§', 'ğ“Œ', 'ğ“¥', 'ğ“‚', 'ğ“ˆ™', 'ğ“', 'ğ“†®']","['complete', 'complete', 'complete', 'complete', 'complete', 'complete', 'complete', 'complete']"
LZKJPMDPJRCHTAVXRSLYBMFRXI,"Medizinische Texte || pEbers || 71,21-72,10 = Eb 543-550: Heilmittel gegen Blasen",12,2,IBcAORjGZValcEzMv0mEM53SGLo,1,1,ğ“¤,ğ“¤,['ğ“¤'],850814,1...n,NUM,,[Kardinalzahl (ganze Zahlen und BrÃ¼che) in Ziffernschreibung],,,0.0,['ğ“¤'],['complete']
LZKJPMDPJRCHTAVXRSLYBMFRXI,"Medizinische Texte || pEbers || 71,21-72,10 = Eb 543-550: Heilmittel gegen Blasen",12,3,IBcAObiQ0MVBRkKet05goLQb6is,sft,sft,ğ“‹´ğ“†‘ğ“°ğ“ğ“Œğ“°ğ“¥,ğ“‹´ğ“†‘ğ“ğ“Œğ“¥,"['ğ“‹´', 'ğ“†‘', 'ğ“', 'ğ“Œ', 'ğ“¥']",133990,sfá¹¯,NOUN,,[eines der sieben heiligen Ã–le],,,0.0,"['ğ“‹´', 'ğ“†‘', 'ğ“', 'ğ“Œ', 'ğ“¥']","['complete', 'complete', 'complete', 'complete', 'complete']"
LZKJPMDPJRCHTAVXRSLYBMFRXI,"Medizinische Texte || pEbers || 71,21-72,10 = Eb 543-550: Heilmittel gegen Blasen",12,4,IBcAOa8Qkbv290VXv3GR1KRMudw,1,1,ğ“¤,ğ“¤,['ğ“¤'],850814,1...n,NUM,,[Kardinalzahl (ganze Zahlen und BrÃ¼che) in Ziffernschreibung],,,0.0,['ğ“¤'],['complete']
LZKJPMDPJRCHTAVXRSLYBMFRXI,"Medizinische Texte || pEbers || 71,21-72,10 = Eb 543-550: Heilmittel gegen Blasen",12,5,IBcAOVhnQvaZnkOOgcGSw5w4xjw,áº–sêœ£.yt,áº–sêœ£.yt,ğ“„¡ğ“°ğ“Šƒğ“Ÿğ“„¿|lbğ“‡‹ğ“‡‹ğ“ğ“°ğ“¸ğ“ˆ’ğ“°ğ“¥,ğ“„¡ğ“Šƒğ“Ÿğ“„¿ğ“‡‹ğ“‡‹ğ“ğ“¸ğ“ˆ’ğ“¥,"['ğ“„¡', 'ğ“Šƒ', 'ğ“Ÿ', 'ğ“„¿', 'ğ“‡‹', 'ğ“‡‹', 'ğ“', 'ğ“¸', 'ğ“ˆ’', 'ğ“¥']",124590,áº–sêœ£.yt,NOUN,,[Balsam]; [Harz],,,0.0,"['ğ“„¡', 'ğ“Šƒ', 'ğ“Ÿ', 'ğ“„¿', 'ğ“‡‹', 'ğ“‡‹', 'ğ“', 'ğ“¸', 'ğ“ˆ’', 'ğ“¥']","['complete', 'complete', 'complete', 'complete', 'complete', 'complete', 'complete', 'complete', 'complete', 'complete']"
LZKJPMDPJRCHTAVXRSLYBMFRXI,"Medizinische Texte || pEbers || 71,21-72,10 = Eb 543-550: Heilmittel gegen Blasen",12,7,IBcAOZUl5pP590pCuW1NYSOb3HU,1,1,ğ“¤,ğ“¤,['ğ“¤'],850814,1...n,NUM,,[Kardinalzahl (ganze Zahlen und BrÃ¼che) in Ziffernschreibung],,,0.0,['ğ“¤'],['complete']
LZKJPMDPJRCHTAVXRSLYBMFRXI,"Medizinische Texte || pEbers || 71,21-72,10 = Eb 543-550: Heilmittel gegen Blasen",12,8,IBcAOQbuxaTdP0IPvKN4Wvhlfrs,ns-Å¡,ns-Å¡,ğ“„“ğ“°ğ“¤ğ“±ğ“„¹ğ“ˆ™ğ“°ğ“ˆ‡ğ“±ğ“¤ğ“ˆ’ğ“°ğ“¥,ğ“„“ğ“¤ğ“„¹ğ“ˆ™ğ“ˆ‡ğ“¤ğ“ˆ’ğ“¥,"['ğ“„“', 'ğ“¤', 'ğ“„¹', 'ğ“ˆ™', 'ğ“ˆ‡', 'ğ“¤', 'ğ“ˆ’', 'ğ“¥']",863030,ns-Å¡,NOUN,,[offizinell Verwendetes],,,0.0,"['ğ“„“', 'ğ“¤', 'ğ“„¹', 'ğ“ˆ™', 'ğ“ˆ‡', 'ğ“¤', 'ğ“ˆ’', 'ğ“¥']","['complete', 'complete', 'complete', 'complete', 'complete', 'complete', 'complete', 'complete']"
LZKJPMDPJRCHTAVXRSLYBMFRXI,"Medizinische Texte || pEbers || 71,21-72,10 = Eb 543-550: Heilmittel gegen Blasen",12,9,IBcAOdpOTOEu4kd4iuBGRjM8lVs,1,1,ğ“¤,ğ“¤,['ğ“¤'],850814,1...n,NUM,,[Kardinalzahl (ganze Zahlen und BrÃ¼che) in Ziffernschreibung],,,0.0,['ğ“¤'],['complete']
LZKJPMDPJRCHTAVXRSLYBMFRXI,"Medizinische Texte || pEbers || 71,21-72,10 = Eb 543-550: Heilmittel gegen Blasen",12,10,IBcAOQ5b2hVUAEV6lFJDlfymhNU,ztê½,ztê½,ğ“®ğ“ğ“°ğ“­ğ“ˆ’ğ“°ğ“¥,ğ“®ğ“ğ“­ğ“ˆ’ğ“¥,"['ğ“®', 'ğ“', 'ğ“­', 'ğ“ˆ’', 'ğ“¥']",147520,ztê½,NOUN,,Ocker,,,0.0,"['ğ“®', 'ğ“', 'ğ“­', 'ğ“ˆ’', 'ğ“¥']","['complete', 'complete', 'complete', 'complete', 'complete']"
LZKJPMDPJRCHTAVXRSLYBMFRXI,"Medizinische Texte || pEbers || 71,21-72,10 = Eb 543-550: Heilmittel gegen Blasen",12,11,IBcAOXliXoL0pkEPmUpaiJnMphQ,1,1,ğ“¤,ğ“¤,['ğ“¤'],850814,1...n,NUM,,[Kardinalzahl (ganze Zahlen und BrÃ¼che) in Ziffernschreibung],,,0.0,['ğ“¤'],['complete']
LZKJPMDPJRCHTAVXRSLYBMFRXI,"Medizinische Texte || pEbers || 71,21-72,10 = Eb 543-550: Heilmittel gegen Blasen",12,12,IBcAOSZ8p2pmlUkfgCJJ4H0kozY,wbd,wbd,ğ“²ğ“ƒ€ğ“‚§ğ“Š®,ğ“²ğ“ƒ€ğ“‚§ğ“Š®,"['ğ“²', 'ğ“ƒ€', 'ğ“‚§', 'ğ“Š®']",45420,wbd,NOUN,,RuÃŸ (?) (offizinell),,,0.0,"['ğ“²', 'ğ“ƒ€', 'ğ“‚§', 'ğ“Š®']","['complete', 'complete', 'complete', 'complete']"
LZKJPMDPJRCHTAVXRSLYBMFRXI,"Medizinische Texte || pEbers || 71,21-72,10 = Eb 543-550: Heilmittel gegen Blasen",12,13,IBcAOZXUQcOonkIjp6iHKTnhEXM,1,1,ğ“¤,ğ“¤,['ğ“¤'],850814,1...n,NUM,,[Kardinalzahl (ganze Zahlen und BrÃ¼che) in Ziffernschreibung],,,0.0,['ğ“¤'],['complete']
LZKJPMDPJRCHTAVXRSLYBMFRXI,"Medizinische Texte || pEbers || 71,21-72,10 = Eb 543-550: Heilmittel gegen Blasen",12,14,IBcAOaUcGLaExk5sqXJjIEKqies,((mw)),mw,â¸¨ğ“ˆ—â¸©,ğ“ˆ—,['ğ“ˆ—'],69000,mw,NOUN,,Wasser,,,0.0,['ğ“ˆ—'],['complete']
LZKJPMDPJRCHTAVXRSLYBMFRXI,"Medizinische Texte || pEbers || 71,21-72,10 = Eb 543-550: Heilmittel gegen Blasen",13,1,IBcAOesyJDoxtUVTlejlQPl22LU,ná¸,ná¸,ğ“©ğ“Œğ“°ğ“‚,ğ“©ğ“Œğ“‚,"['ğ“©', 'ğ“Œ', 'ğ“‚']",90880,ná¸,VERB,,zerreiben; mahlen; abreiben,,,0.0,"['ğ“©', 'ğ“Œ', 'ğ“‚']","['complete', 'complete', 'complete']"
LZKJPMDPJRCHTAVXRSLYBMFRXI,"Medizinische Texte || pEbers || 71,21-72,10 = Eb 543-550: Heilmittel gegen Blasen",13,2,IBcAOW9YpQwDNkWsmfQfdZdeROE,snêœ¥êœ¥,snêœ¥êœ¥,ğ“ğ“›,ğ“ğ“›,"['ğ“', 'ğ“›']",136700,snêœ¥êœ¥,VERB,,glÃ¤tten; (fein) zerreiben,,,0.0,"['ğ“', 'ğ“›']","['complete', 'complete']"
LZKJPMDPJRCHTAVXRSLYBMFRXI,"Medizinische Texte || pEbers || 71,21-72,10 = Eb 543-550: Heilmittel gegen Blasen",14,1,IBcAOVasw6W3Ok3kpTDlevhuTlI,êœ£mê½.w,êœ£mê½.w,ğ“„¿ğ“‡ğ“‡‹ğ“²ğ“€œ,ğ“„¿ğ“‡ğ“‡‹ğ“²ğ“€œ,"['ğ“„¿', 'ğ“‡', 'ğ“‡‹', 'ğ“²', 'ğ“€œ']",136,êœ£mê½,VERB,,(etwas) mischen,,,0.0,"['ğ“„¿', 'ğ“‡', 'ğ“‡‹', 'ğ“²', 'ğ“€œ']","['complete', 'complete', 'complete', 'complete', 'complete']"
LZKJPMDPJRCHTAVXRSLYBMFRXI,"Medizinische Texte || pEbers || 71,21-72,10 = Eb 543-550: Heilmittel gegen Blasen",14,2,IBcAOZWO76kNR03UgmBSt5t64m4,m,m,ğ“…“,ğ“…“,['ğ“…“'],500292,m,PREP,,als (etwas sein); nÃ¤mlich (etwas); zu (etwas werden); [identifizierend],,,0.0,['ğ“…“'],['complete']
LZKJPMDPJRCHTAVXRSLYBMFRXI,"Medizinische Texte || pEbers || 71,21-72,10 = Eb 543-550: Heilmittel gegen Blasen",14,4,IBcAOeFaElZzZkA5r0QF8dgZWJQ,(ê½)á¸«.t,ê½á¸«.t,ğ“ğ“°ğ“ğ“›ğ“°ğ“¥,ğ“ğ“ğ“›ğ“¥,"['ğ“', 'ğ“', 'ğ“›', 'ğ“¥']",30750,ê½á¸«.t,NOUN,,Sache; Besitz; Speisen; Opfer; Reliquie,,,0.0,"['ğ“', 'ğ“', 'ğ“›', 'ğ“¥']","['complete', 'complete', 'complete', 'complete']"
LZKJPMDPJRCHTAVXRSLYBMFRXI,"Medizinische Texte || pEbers || 71,21-72,10 = Eb 543-550: Heilmittel gegen Blasen",14,5,IBcAOTl6QLGyQUwpsxHwiMW27Po,wêœ¥.t,wêœ¥.t,ğ“Œ¡ğ“°ğ“‚ğ“±ğ“ğ“¤,ğ“Œ¡ğ“‚ğ“ğ“¤,"['ğ“Œ¡', 'ğ“‚', 'ğ“', 'ğ“¤']",44150,wêœ¥,ADJ,,eins (Zahl); einzig,,,0.0,"['ğ“Œ¡', 'ğ“‚', 'ğ“', 'ğ“¤']","['complete', 'complete', 'complete', 'complete']"
LZKJPMDPJRCHTAVXRSLYBMFRXI,"Medizinische Texte || pEbers || 71,21-72,10 = Eb 543-550: Heilmittel gegen Blasen",15,1,IBcAOUhOjV3yi0flrXsm1k6Wjqc,gs,gs,ğ“›ğ“°ğ“Šƒğ“Œğ“°ğ“‚,ğ“›ğ“Šƒğ“Œğ“‚,"['ğ“›', 'ğ“Šƒ', 'ğ“Œ', 'ğ“‚']",168280,gs,VERB,,salben,,,0.0,"['ğ“›', 'ğ“Šƒ', 'ğ“Œ', 'ğ“‚']","['complete', 'complete', 'complete', 'complete']"
LZKJPMDPJRCHTAVXRSLYBMFRXI,"Medizinische Texte || pEbers || 71,21-72,10 = Eb 543-550: Heilmittel gegen Blasen",15,2,IBcAObMldeFz90Q8my1DoBDT8Ec,ê½m,ê½m,ğ“‡‹ğ“…“,ğ“‡‹ğ“…“,"['ğ“‡‹', 'ğ“…“']",24640,ê½m,ADV,,da; dort; davon; dadurch; damit,,,0.0,"['ğ“‡‹', 'ğ“…“']","['complete', 'complete']"
LZKJPMDPJRCHTAVXRSLYBMFRXI,"Medizinische Texte || pEbers || 71,21-72,10 = Eb 543-550: Heilmittel gegen Blasen",16,2,IBcAOUhdydKYNU0DsiotSiQ57qU,k.t,k.t,ğ“¢ğ“°ğ“,ğ“¢ğ“,"['ğ“¢', 'ğ“']",163760,ky,ADJ,,anderer,,,0.0,"['ğ“¢', 'ğ“']","['complete', 'complete']"
LZKJPMDPJRCHTAVXRSLYBMFRXI,"Medizinische Texte || pEbers || 71,21-72,10 = Eb 543-550: Heilmittel gegen Blasen",17,1,IBcAObWiUNqIcUJ6kbVnG16sHmo,á¸¥mêœ£.t-má¸¥.t,á¸¥mêœ£.t-má¸¥.t,ğ“›ğ“Œ´ğ“°ğ“ğ“”ğ“°ğ“ğ“ˆ’ğ“°ğ“¥,ğ“›ğ“Œ´ğ“ğ“”ğ“ğ“ˆ’ğ“¥,"['ğ“›', 'ğ“Œ´', 'ğ“', 'ğ“”', 'ğ“', 'ğ“ˆ’', 'ğ“¥']",862952,á¸¥mêœ£.t-má¸¥.wê½t,NOUN,,unterÃ¤gyptisches Salz,,,0.0,"['ğ“›', 'ğ“Œ´', 'ğ“', 'ğ“”', 'ğ“', 'ğ“ˆ’', 'ğ“¥']","['complete', 'complete', 'complete', 'complete', 'complete', 'complete', 'complete']"
LZKJPMDPJRCHTAVXRSLYBMFRXI,"Medizinische Texte || pEbers || 71,21-72,10 = Eb 543-550: Heilmittel gegen Blasen",17,2,IBcAOSNEdG5NZE7RvZc8ZI4EYEc,1,1,ğ“¤,ğ“¤,['ğ“¤'],850814,1...n,NUM,,[Kardinalzahl (ganze Zahlen und BrÃ¼che) in Ziffernschreibung],,,0.0,['ğ“¤'],['complete']
LZKJPMDPJRCHTAVXRSLYBMFRXI,"Medizinische Texte || pEbers || 71,21-72,10 = Eb 543-550: Heilmittel gegen Blasen",17,3,IBcAORWicsDCrkUTiTg2moInaQs,á¸¥sêœ£,á¸¥sêœ£,ğ“›ğ“‹´ğ“Ÿğ“„¿ğ“ˆ—ğ“Œğ“°ğ“¥,ğ“›ğ“‹´ğ“Ÿğ“„¿ğ“ˆ—ğ“Œğ“¥,"['ğ“›', 'ğ“‹´', 'ğ“Ÿ', 'ğ“„¿', 'ğ“ˆ—', 'ğ“Œ', 'ğ“¥']",109510,á¸¥zêœ£,NOUN,,Schleim; Teig (o. Ã„.),,,0.0,"['ğ“›', 'ğ“‹´', 'ğ“Ÿ', 'ğ“„¿', 'ğ“ˆ—', 'ğ“Œ', 'ğ“¥']","['complete', 'complete', 'complete', 'complete', 'complete', 'complete', 'complete']"
LZKJPMDPJRCHTAVXRSLYBMFRXI,"Medizinische Texte || pEbers || 71,21-72,10 = Eb 543-550: Heilmittel gegen Blasen",17,4,IBcAOWwpqohugka2pW9kJmaIjdg,1,1,ğ“¤,ğ“¤,['ğ“¤'],850814,1...n,NUM,,[Kardinalzahl (ganze Zahlen und BrÃ¼che) in Ziffernschreibung],,,0.0,['ğ“¤'],['complete']
LZKJPMDPJRCHTAVXRSLYBMFRXI,"Medizinische Texte || pEbers || 71,21-72,10 = Eb 543-550: Heilmittel gegen Blasen",17,5,IBcAOQTUSQri90SAp4JsWU0eKtY,á¸¥zmn-dÅ¡((r)),á¸¥zmn-dÅ¡r,ğ“–ğ“ˆ–ğ“°ğ“ˆ’ğ“ªğ“‚§ğ“°ğ“ˆ™â¸¨ğ“‚‹â¸©ğ“°â¸¨ğ“¯â¸©ğ“ˆ’ğ“°ğ“¥,ğ“–ğ“ˆ–ğ“ˆ’ğ“ªğ“‚§ğ“ˆ™ğ“‚‹ğ“¯ğ“ˆ’ğ“¥,"['ğ“–', 'ğ“ˆ–', 'ğ“ˆ’', 'ğ“ª', 'ğ“‚§', 'ğ“ˆ™', 'ğ“‚‹', 'ğ“¯', 'ğ“ˆ’', 'ğ“¥']",110120,á¸¥zmn-dÅ¡r,NOUN,,rotes Natron,,,0.0,"['ğ“–', 'ğ“ˆ–', 'ğ“ˆ’', 'ğ“ª', 'ğ“‚§', 'ğ“ˆ™', 'ğ“‚‹', 'ğ“¯', 'ğ“ˆ’', 'ğ“¥']","['complete', 'complete', 'complete', 'complete', 'complete', 'complete', 'complete', 'complete', 'complete', 'complete']"
LZKJPMDPJRCHTAVXRSLYBMFRXI,"Medizinische Texte || pEbers || 71,21-72,10 = Eb 543-550: Heilmittel gegen Blasen",17,6,IBcAOSOZ9K9GiUsWpxWe6Ck6ehA,1,1,ğ“¤,ğ“¤,['ğ“¤'],850814,1...n,NUM,,[Kardinalzahl (ganze Zahlen und BrÃ¼che) in Ziffernschreibung],,,0.0,['ğ“¤'],['complete']
LZKJPMDPJRCHTAVXRSLYBMFRXI,"Medizinische Texte || pEbers || 71,21-72,10 = Eb 543-550: Heilmittel gegen Blasen",17,8,IBcAORMLrCQCokufsgqOBXCQRHg,mrá¸¥.t,mrá¸¥.t,ğ“Œ»ğ“°ğ“‚‹ğ“›ğ“ğ“Œğ“°ğ“¥,ğ“Œ»ğ“‚‹ğ“›ğ“ğ“Œğ“¥,"['ğ“Œ»', 'ğ“‚‹', 'ğ“›', 'ğ“', 'ğ“Œ', 'ğ“¥']",72840,mrá¸¥.t,NOUN,,Fett (allg.); SalbÃ¶l,,,0.0,"['ğ“Œ»', 'ğ“‚‹', 'ğ“›', 'ğ“', 'ğ“Œ', 'ğ“¥']","['complete', 'complete', 'complete', 'complete', 'complete', 'complete']"
LZKJPMDPJRCHTAVXRSLYBMFRXI,"Medizinische Texte || pEbers || 71,21-72,10 = Eb 543-550: Heilmittel gegen Blasen",17,9,IBcAORiINQTz2UnrtWemyUv2EOs,((1)),1,â¸¨ğ“¤â¸©,ğ“¤,['ğ“¤'],850814,1...n,NUM,,[Kardinalzahl (ganze Zahlen und BrÃ¼che) in Ziffernschreibung],,,0.0,['ğ“¤'],['complete']
LZKJPMDPJRCHTAVXRSLYBMFRXI,"Medizinische Texte || pEbers || 71,21-72,10 = Eb 543-550: Heilmittel gegen Blasen",18,1,IBcAOdmczill9EcQhQ4MP2d0nEY,gs,gs,ğ“›ğ“°ğ“Šƒğ“Œğ“°ğ“‚,ğ“›ğ“Šƒğ“Œğ“‚,"['ğ“›', 'ğ“Šƒ', 'ğ“Œ', 'ğ“‚']",168280,gs,VERB,,salben,,,0.0,"['ğ“›', 'ğ“Šƒ', 'ğ“Œ', 'ğ“‚']","['complete', 'complete', 'complete', 'complete']"
LZKJPMDPJRCHTAVXRSLYBMFRXI,"Medizinische Texte || pEbers || 71,21-72,10 = Eb 543-550: Heilmittel gegen Blasen",18,2,IBcAORS2jzpFok7VvnMU75ypR7A,ê½m,ê½m,ğ“‡‹ğ“…“,ğ“‡‹ğ“…“,"['ğ“‡‹', 'ğ“…“']",24640,ê½m,ADV,,da; dort; davon; dadurch; damit,,,0.0,"['ğ“‡‹', 'ğ“…“']","['complete', 'complete']"
LZKJPMDPJRCHTAVXRSLYBMFRXI,"Medizinische Texte || pEbers || 71,21-72,10 = Eb 543-550: Heilmittel gegen Blasen",18,3,IBcAOVo1BTKyfUGhihegO3lKJwk,êœ¥Å¡êœ£,êœ¥Å¡êœ£,ğ“†ˆğ“°ğ“¥,ğ“†ˆğ“¥,"['ğ“†ˆ', 'ğ“¥']",450155,êœ¥Å¡êœ£,ADV,,sehr; oft; vielfach,,,0.0,"['ğ“†ˆ', 'ğ“¥']","['complete', 'complete']"
LZKJPMDPJRCHTAVXRSLYBMFRXI,"Medizinische Texte || pEbers || 71,21-72,10 = Eb 543-550: Heilmittel gegen Blasen",18,4,IBcAOfLwoGIv5kJwu2fMxqif9dU,zp-2,zp-2,ğ“Š—ğ“°ğ“»,ğ“Š—ğ“»,"['ğ“Š—', 'ğ“»']",70011,zp-2,NOUN,,"zweimal (Betonung vor allem beim Imperativ); sehr, wirklich (Betonung beim Adjektiv etc.)",,,0.0,"['ğ“Š—', 'ğ“»']","['complete', 'complete']"
LZKJPMDPJRCHTAVXRSLYBMFRXI,"Medizinische Texte || pEbers || 71,21-72,10 = Eb 543-550: Heilmittel gegen Blasen",19,2,IBcAOSAoc85frEbuklYhpU9r6Sg,dr,dr,ğ“‚§ğ“°ğ“‚‹ğ“€œ,ğ“‚§ğ“‚‹ğ“€œ,"['ğ“‚§', 'ğ“‚‹', 'ğ“€œ']",180130,dr,VERB,,entfernen; vertreiben; vertilgen,,,0.0,"['ğ“‚§', 'ğ“‚‹', 'ğ“€œ']","['complete', 'complete', 'complete']"
LZKJPMDPJRCHTAVXRSLYBMFRXI,"Medizinische Texte || pEbers || 71,21-72,10 = Eb 543-550: Heilmittel gegen Blasen",19,3,IBcAOX6C2KWTGUEagWb3oUoBj2k,kêœ£kêœ£.wt.PL,kêœ£kêœ£.wt.PL,ğ“‚“ğ“„¿ğ“‚“ğ“„¿ğ“…±ğ“°ğ“ğ“ğ“°ğ“¥,ğ“‚“ğ“„¿ğ“‚“ğ“„¿ğ“…±ğ“ğ“ğ“¥,"['ğ“‚“', 'ğ“„¿', 'ğ“‚“', 'ğ“„¿', 'ğ“…±', 'ğ“', 'ğ“', 'ğ“¥']",163720,kêœ£kêœ£.t,NOUN,,Blase,,,0.0,"['ğ“‚“', 'ğ“„¿', 'ğ“‚“', 'ğ“„¿', 'ğ“…±', 'ğ“', 'ğ“', 'ğ“¥']","['complete', 'complete', 'complete', 'complete', 'complete', 'complete', 'complete', 'complete']"
LZKJPMDPJRCHTAVXRSLYBMFRXI,"Medizinische Texte || pEbers || 71,21-72,10 = Eb 543-550: Heilmittel gegen Blasen",20,1,IBcAOcf82uUzX0dMtGowM2u5kTw,á¸êœ£êœ¥,á¸êœ£êœ¥,ğ“‘ğ“„¿ğ“‚ğ“ˆ’ğ“°ğ“¥,ğ“‘ğ“„¿ğ“‚ğ“ˆ’ğ“¥,"['ğ“‘', 'ğ“„¿', 'ğ“‚', 'ğ“ˆ’', 'ğ“¥']",182020,á¸êœ£êœ¥,NOUN,,Platterbse,,,0.0,"['ğ“‘', 'ğ“„¿', 'ğ“‚', 'ğ“ˆ’', 'ğ“¥']","['complete', 'complete', 'complete', 'complete', 'complete']"
LZKJPMDPJRCHTAVXRSLYBMFRXI,"Medizinische Texte || pEbers || 71,21-72,10 = Eb 543-550: Heilmittel gegen Blasen",21,1,IBcAOWgWKYGhrUCdk2qYsRSJiME,psiÌ¯,psiÌ¯,ğ“Š®,ğ“Š®,['ğ“Š®'],62180,psiÌ¯,VERB,,kochen; backen; erhitzen,,,0.0,['ğ“Š®'],['complete']
LZKJPMDPJRCHTAVXRSLYBMFRXI,"Medizinische Texte || pEbers || 71,21-72,10 = Eb 543-550: Heilmittel gegen Blasen",21,2,IBcAOVHTJLT8tkNsoiFStQ1rmRw,á¸¥r,á¸¥r,ğ“·ğ“¤,ğ“·ğ“¤,"['ğ“·', 'ğ“¤']",400093,á¸¥r,PREP,,und (zur Koordination zweier Subst.); mit,,,0.0,"['ğ“·', 'ğ“¤']","['complete', 'complete']"
LZKJPMDPJRCHTAVXRSLYBMFRXI,"Medizinische Texte || pEbers || 71,21-72,10 = Eb 543-550: Heilmittel gegen Blasen",21,4,IBcAOQy2xYZkvERFuezNKkOswQs,á¸¥rw.t,á¸¥rw.t,ğ“·ğ“°ğ“‚‹ğ“…±ğ“°ğ“ğ“Œğ“°ğ“¥,ğ“·ğ“‚‹ğ“…±ğ“ğ“Œğ“¥,"['ğ“·', 'ğ“‚‹', 'ğ“…±', 'ğ“', 'ğ“Œ', 'ğ“¥']",874334,á¸¥rw.t,NOUN,,[offizinell Verwendetes],,,0.0,"['ğ“·', 'ğ“‚‹', 'ğ“…±', 'ğ“', 'ğ“Œ', 'ğ“¥']","['complete', 'complete', 'complete', 'complete', 'complete', 'complete']"
LZKJPMDPJRCHTAVXRSLYBMFRXI,"Medizinische Texte || pEbers || 71,21-72,10 = Eb 543-550: Heilmittel gegen Blasen",21,5,IBcAOWsE9lDV1kDQuZWO0vAHCiw,n.t,n.t,ğ“ˆ–ğ“°ğ“,ğ“ˆ–ğ“,"['ğ“ˆ–', 'ğ“']",79800,n.ê½,ADJ,,von [Genitiv],,,0.0,"['ğ“ˆ–', 'ğ“']","['complete', 'complete']"
LZKJPMDPJRCHTAVXRSLYBMFRXI,"Medizinische Texte || pEbers || 71,21-72,10 = Eb 543-550: Heilmittel gegen Blasen",21,6,IBcAOc5L9b0JJkjigsmDsZXQsgE,á¸¥(n)q.t,á¸¥nq.t,ğ“›ğ“ˆğ“°ğ“ğ“Œğ“°ğ“¥,ğ“›ğ“ˆğ“ğ“Œğ“¥,"['ğ“›', 'ğ“ˆ', 'ğ“', 'ğ“Œ', 'ğ“¥']",110300,á¸¥nq.t,NOUN,,Bier,,,0.0,"['ğ“›', 'ğ“ˆ', 'ğ“', 'ğ“Œ', 'ğ“¥']","['complete', 'complete', 'complete', 'complete', 'complete']"
LZKJPMDPJRCHTAVXRSLYBMFRXI,"Medizinische Texte || pEbers || 71,21-72,10 = Eb 543-550: Heilmittel gegen Blasen",22,1,IBcAORfrJMKvtEXDkQo7NVNcs4E,wnm,wnm,ğ“¶ğ“…“ğ“€,ğ“¶ğ“…“ğ“€,"['ğ“¶', 'ğ“…“', 'ğ“€']",46710,wnm,VERB,,essen,,,0.0,"['ğ“¶', 'ğ“…“', 'ğ“€']","['complete', 'complete', 'complete']"
LZKJPMDPJRCHTAVXRSLYBMFRXI,"Medizinische Texte || pEbers || 71,21-72,10 = Eb 543-550: Heilmittel gegen Blasen",22,2,IBcAOZOffhAobkR5v778uYcaRKA,r,r,ğ“‚‹,ğ“‚‹,['ğ“‚‹'],400030,r,PREP,,zu (temp.); bis (temp.); lang (Dauer); [temporal],,,0.0,['ğ“‚‹'],['complete']
LZKJPMDPJRCHTAVXRSLYBMFRXI,"Medizinische Texte || pEbers || 71,21-72,10 = Eb 543-550: Heilmittel gegen Blasen",22,3,IBcAOV9qJKTplULGue6EnDzpmJQ,hrw,hrw,ğ“‡³,ğ“‡³,['ğ“‡³'],99060,hrw,NOUN,,Tag,,,0.0,['ğ“‡³'],['complete']
LZKJPMDPJRCHTAVXRSLYBMFRXI,"Medizinische Texte || pEbers || 71,21-72,10 = Eb 543-550: Heilmittel gegen Blasen",22,4,IBcAOd6VnUm4DkbxgjeABQBx8rQ,4,4,ğ“»ğ“°ğ“»,ğ“»ğ“»,"['ğ“»', 'ğ“»']",850814,1...n,NUM,,[Kardinalzahl (ganze Zahlen und BrÃ¼che) in Ziffernschreibung],,,0.0,"['ğ“»', 'ğ“»']","['complete', 'complete']"
LZKJPMDPJRCHTAVXRSLYBMFRXI,"Medizinische Texte || pEbers || 71,21-72,10 = Eb 543-550: Heilmittel gegen Blasen",23,2,IBcAOXiaIzQQrkaIgFN6stnNklE,k.t,k.t,ğ“¢ğ“°ğ“,ğ“¢ğ“,"['ğ“¢', 'ğ“']",163760,ky,ADJ,,anderer,,,0.0,"['ğ“¢', 'ğ“']","['complete', 'complete']"
LZKJPMDPJRCHTAVXRSLYBMFRXI,"Medizinische Texte || pEbers || 71,21-72,10 = Eb 543-550: Heilmittel gegen Blasen",24,1,IBcAOS387BhnQEJyknp8MQMFJ8I,wbd,wbd,ğ“²ğ“ƒ€ğ“‚§ğ“Š®,ğ“²ğ“ƒ€ğ“‚§ğ“Š®,"['ğ“²', 'ğ“ƒ€', 'ğ“‚§', 'ğ“Š®']",45420,wbd,NOUN,,RuÃŸ (?) (offizinell),,,0.0,"['ğ“²', 'ğ“ƒ€', 'ğ“‚§', 'ğ“Š®']","['complete', 'complete', 'complete', 'complete']"
LZKJPMDPJRCHTAVXRSLYBMFRXI,"Medizinische Texte || pEbers || 71,21-72,10 = Eb 543-550: Heilmittel gegen Blasen",24,2,IBcAOcNcM2xdtkUFrlLnvmiBrWI,1,1,ğ“¤,ğ“¤,['ğ“¤'],850814,1...n,NUM,,[Kardinalzahl (ganze Zahlen und BrÃ¼che) in Ziffernschreibung],,,0.0,['ğ“¤'],['complete']
LZKJPMDPJRCHTAVXRSLYBMFRXI,"Medizinische Texte || pEbers || 71,21-72,10 = Eb 543-550: Heilmittel gegen Blasen",24,3,IBcAObFFW4VVw0y1opY0lWG25F4,dÅ¡r,dÅ¡r,ğ“‚§ğ“°ğ“ˆ™ğ“‚‹ğ“°ğ“¯ğ“ˆ’ğ“°ğ“¥,ğ“‚§ğ“ˆ™ğ“‚‹ğ“¯ğ“ˆ’ğ“¥,"['ğ“‚§', 'ğ“ˆ™', 'ğ“‚‹', 'ğ“¯', 'ğ“ˆ’', 'ğ“¥']",180740,dÅ¡r,NOUN,,[pflanzlicher Teil (v. KÃ¶rnern)]; [mineralischer Stoff ?],,,0.0,"['ğ“‚§', 'ğ“ˆ™', 'ğ“‚‹', 'ğ“¯', 'ğ“ˆ’', 'ğ“¥']","['complete', 'complete', 'complete', 'complete', 'complete', 'complete']"
LZKJPMDPJRCHTAVXRSLYBMFRXI,"Medizinische Texte || pEbers || 71,21-72,10 = Eb 543-550: Heilmittel gegen Blasen",24,4,IBcAOa6PB0t840HIrNeK3gD6Z4o,1,1,ğ“¤,ğ“¤,['ğ“¤'],850814,1...n,NUM,,[Kardinalzahl (ganze Zahlen und BrÃ¼che) in Ziffernschreibung],,,0.0,['ğ“¤'],['complete']
LZKJPMDPJRCHTAVXRSLYBMFRXI,"Medizinische Texte || pEbers || 71,21-72,10 = Eb 543-550: Heilmittel gegen Blasen",24,5,IBcAOcKYGZ4VSE7lpKzHu30b1dc,ns-Å¡,ns-Å¡,ğ“„“ğ“°ğ“¤ğ“±ğ“„¹ğ“ˆ™ğ“°ğ“ˆ‡ğ“±ğ“¤ğ“ˆ’ğ“°ğ“¥,ğ“„“ğ“¤ğ“„¹ğ“ˆ™ğ“ˆ‡ğ“¤ğ“ˆ’ğ“¥,"['ğ“„“', 'ğ“¤', 'ğ“„¹', 'ğ“ˆ™', 'ğ“ˆ‡', 'ğ“¤', 'ğ“ˆ’', 'ğ“¥']",863030,ns-Å¡,NOUN,,[offizinell Verwendetes],,,0.0,"['ğ“„“', 'ğ“¤', 'ğ“„¹', 'ğ“ˆ™', 'ğ“ˆ‡', 'ğ“¤', 'ğ“ˆ’', 'ğ“¥']","['complete', 'complete', 'complete', 'complete', 'complete', 'complete', 'complete', 'complete']"
LZKJPMDPJRCHTAVXRSLYBMFRXI,"Medizinische Texte || pEbers || 71,21-72,10 = Eb 543-550: Heilmittel gegen Blasen",24,6,IBcAOeTxniZHLUbchV6Gop89yRc,1,1,ğ“¤,ğ“¤,['ğ“¤'],850814,1...n,NUM,,[Kardinalzahl (ganze Zahlen und BrÃ¼che) in Ziffernschreibung],,,0.0,['ğ“¤'],['complete']
LZKJPMDPJRCHTAVXRSLYBMFRXI,"Medizinische Texte || pEbers || 71,21-72,10 = Eb 543-550: Heilmittel gegen Blasen",24,8,IBcAObxcbcdVC0hxr7jXQ7iadwc,Å¡fÅ¡f.t,Å¡fÅ¡f.t,ğ“ˆ™ğ“°ğ“†‘ğ“ˆ™ğ“°ğ“†‘ğ“±ğ“ğ“¯ğ“ˆ’ğ“°ğ“¥,ğ“ˆ™ğ“†‘ğ“ˆ™ğ“†‘ğ“ğ“¯ğ“ˆ’ğ“¥,"['ğ“ˆ™', 'ğ“†‘', 'ğ“ˆ™', 'ğ“†‘', 'ğ“', 'ğ“¯', 'ğ“ˆ’', 'ğ“¥']",154250,Å¡fÅ¡f.t,NOUN,,[Pflanze],,,0.0,"['ğ“ˆ™', 'ğ“†‘', 'ğ“ˆ™', 'ğ“†‘', 'ğ“', 'ğ“¯', 'ğ“ˆ’', 'ğ“¥']","['complete', 'complete', 'complete', 'complete', 'complete', 'complete', 'complete', 'complete']"
LZKJPMDPJRCHTAVXRSLYBMFRXI,"Medizinische Texte || pEbers || 71,21-72,10 = Eb 543-550: Heilmittel gegen Blasen",24,9,IBcAOfIL5RBll06Tku9hRUMl6fQ,1,1,ğ“¤,ğ“¤,['ğ“¤'],850814,1...n,NUM,,[Kardinalzahl (ganze Zahlen und BrÃ¼che) in Ziffernschreibung],,,0.0,['ğ“¤'],['complete']
LZKJPMDPJRCHTAVXRSLYBMFRXI,"Medizinische Texte || pEbers || 71,21-72,10 = Eb 543-550: Heilmittel gegen Blasen",24,10,IBcAORO2o5IHrUp6hXWqWcJsZG8,mw,mw,ğ“ˆ—,ğ“ˆ—,['ğ“ˆ—'],69000,mw,NOUN,,Wasser,,,0.0,['ğ“ˆ—'],['complete']
LZKJPMDPJRCHTAVXRSLYBMFRXI,"Medizinische Texte || pEbers || 71,21-72,10 = Eb 543-550: Heilmittel gegen Blasen",25,1,IBcAOcGHwOnAJErJhVzQvxWwn5U,gs,gs,ğ“›ğ“°ğ“Šƒğ“€œ,ğ“›ğ“Šƒğ“€œ,"['ğ“›', 'ğ“Šƒ', 'ğ“€œ']",168280,gs,VERB,,salben,,,0.0,"['ğ“›', 'ğ“Šƒ', 'ğ“€œ']","['complete', 'complete', 'complete']"
LZKJPMDPJRCHTAVXRSLYBMFRXI,"Medizinische Texte || pEbers || 71,21-72,10 = Eb 543-550: Heilmittel gegen Blasen",25,2,IBcAOQE6M5Qq9kjyodRcdPse4xc,ê½m,ê½m,ğ“‡‹ğ“…“,ğ“‡‹ğ“…“,"['ğ“‡‹', 'ğ“…“']",24640,ê½m,ADV,,da; dort; davon; dadurch; damit,,,0.0,"['ğ“‡‹', 'ğ“…“']","['complete', 'complete']"
LZKJPMDPJRCHTAVXRSLYBMFRXI,"Medizinische Texte || pEbers || 71,21-72,10 = Eb 543-550: Heilmittel gegen Blasen",26,2,IBcAOZh4sIQOmUSdk8C9J2XSWtY,k.t,k.t,ğ“¢ğ“°ğ“,ğ“¢ğ“,"['ğ“¢', 'ğ“']",163760,ky,ADJ,,anderer,,,0.0,"['ğ“¢', 'ğ“']","['complete', 'complete']"
LZKJPMDPJRCHTAVXRSLYBMFRXI,"Medizinische Texte || pEbers || 71,21-72,10 = Eb 543-550: Heilmittel gegen Blasen",27,1,IBcAOTPydBQ0YUzam4808RPwp5E,á¸¥mêœ£.t-má¸¥.t,á¸¥mêœ£.t-má¸¥.t,ğ“›ğ“Œ´ğ“°ğ“ğ“”ğ“°ğ“ğ“ˆ’ğ“°ğ“¥,ğ“›ğ“Œ´ğ“ğ“”ğ“ğ“ˆ’ğ“¥,"['ğ“›', 'ğ“Œ´', 'ğ“', 'ğ“”', 'ğ“', 'ğ“ˆ’', 'ğ“¥']",862952,á¸¥mêœ£.t-má¸¥.wê½t,NOUN,,unterÃ¤gyptisches Salz,,,0.0,"['ğ“›', 'ğ“Œ´', 'ğ“', 'ğ“”', 'ğ“', 'ğ“ˆ’', 'ğ“¥']","['complete', 'complete', 'complete', 'complete', 'complete', 'complete', 'complete']"
LZKJPMDPJRCHTAVXRSLYBMFRXI,"Medizinische Texte || pEbers || 71,21-72,10 = Eb 543-550: Heilmittel gegen Blasen",27,2,IBcAOUrQiv98u0nNrWVbSoBrRMQ,1,1,ğ“¤,ğ“¤,['ğ“¤'],850814,1...n,NUM,,[Kardinalzahl (ganze Zahlen und BrÃ¼che) in Ziffernschreibung],,,0.0,['ğ“¤'],['complete']
LZKJPMDPJRCHTAVXRSLYBMFRXI,"Medizinische Texte || pEbers || 71,21-72,10 = Eb 543-550: Heilmittel gegen Blasen",27,3,IBcAOVr6gwgXt0adgwwJ8qVMINk,á¸¥sêœ£,á¸¥sêœ£,ğ“›ğ“‹´ğ“Ÿğ“„¿ğ“ˆ—ğ“Œğ“°ğ“¥,ğ“›ğ“‹´ğ“Ÿğ“„¿ğ“ˆ—ğ“Œğ“¥,"['ğ“›', 'ğ“‹´', 'ğ“Ÿ', 'ğ“„¿', 'ğ“ˆ—', 'ğ“Œ', 'ğ“¥']",109510,á¸¥zêœ£,NOUN,,Schleim; Teig (o. Ã„.),,,0.0,"['ğ“›', 'ğ“‹´', 'ğ“Ÿ', 'ğ“„¿', 'ğ“ˆ—', 'ğ“Œ', 'ğ“¥']","['complete', 'complete', 'complete', 'complete', 'complete', 'complete', 'complete']"
LZKJPMDPJRCHTAVXRSLYBMFRXI,"Medizinische Texte || pEbers || 71,21-72,10 = Eb 543-550: Heilmittel gegen Blasen",27,4,IBcAOS1F4P7thECvitIlRL1UrKw,1,1,ğ“¤,ğ“¤,['ğ“¤'],850814,1...n,NUM,,[Kardinalzahl (ganze Zahlen und BrÃ¼che) in Ziffernschreibung],,,0.0,['ğ“¤'],['complete']
LZKJPMDPJRCHTAVXRSLYBMFRXI,"Medizinische Texte || pEbers || 71,21-72,10 = Eb 543-550: Heilmittel gegen Blasen",27,5,IBcAORMQPXLvTUB0ujLOTbqoV5I,á¸¥zmn-dÅ¡r,á¸¥zmn-dÅ¡r,ğ“–ğ“ˆ–ğ“°ğ“ˆ’ğ“ªğ“‚§ğ“°ğ“ˆ™|lbğ“‚‹ğ“°ğ“¯,ğ“–ğ“ˆ–ğ“ˆ’ğ“ªğ“‚§ğ“ˆ™ğ“‚‹ğ“¯,"['ğ“–', 'ğ“ˆ–', 'ğ“ˆ’', 'ğ“ª', 'ğ“‚§', 'ğ“ˆ™', 'ğ“‚‹', 'ğ“¯']",110120,á¸¥zmn-dÅ¡r,NOUN,,rotes Natron,,,0.0,"['ğ“–', 'ğ“ˆ–', 'ğ“ˆ’', 'ğ“ª', 'ğ“‚§', 'ğ“ˆ™', 'ğ“‚‹', 'ğ“¯']","['complete', 'complete', 'complete', 'complete', 'complete', 'complete', 'complete', 'complete']"
LZKJPMDPJRCHTAVXRSLYBMFRXI,"Medizinische Texte || pEbers || 71,21-72,10 = Eb 543-550: Heilmittel gegen Blasen",27,7,IBcAOZzBBLAEcEzrsC0e0C9PRs0,1,1,ğ“¤,ğ“¤,['ğ“¤'],850814,1...n,NUM,,[Kardinalzahl (ganze Zahlen und BrÃ¼che) in Ziffernschreibung],,,0.0,['ğ“¤'],['complete']
LZKJPMDPJRCHTAVXRSLYBMFRXI,"Medizinische Texte || pEbers || 71,21-72,10 = Eb 543-550: Heilmittel gegen Blasen",27,8,IBcAOZLG7LgZrESYgWI5QEOEhOc,mrá¸¥.t,mrá¸¥.t,ğ“Œ»ğ“°ğ“‚‹ğ“›ğ“ğ“Œğ“°ğ“¥,ğ“Œ»ğ“‚‹ğ“›ğ“ğ“Œğ“¥,"['ğ“Œ»', 'ğ“‚‹', 'ğ“›', 'ğ“', 'ğ“Œ', 'ğ“¥']",72840,mrá¸¥.t,NOUN,,Fett (allg.); SalbÃ¶l,,,0.0,"['ğ“Œ»', 'ğ“‚‹', 'ğ“›', 'ğ“', 'ğ“Œ', 'ğ“¥']","['complete', 'complete', 'complete', 'complete', 'complete', 'complete']"
LZKJPMDPJRCHTAVXRSLYBMFRXI,"Medizinische Texte || pEbers || 71,21-72,10 = Eb 543-550: Heilmittel gegen Blasen",27,9,IBcAOUMdLte3IEkHob7nvJfCbHw,1,1,ğ“¤,ğ“¤,['ğ“¤'],850814,1...n,NUM,,[Kardinalzahl (ganze Zahlen und BrÃ¼che) in Ziffernschreibung],,,0.0,['ğ“¤'],['complete']
LZKJPMDPJRCHTAVXRSLYBMFRXI,"Medizinische Texte || pEbers || 71,21-72,10 = Eb 543-550: Heilmittel gegen Blasen",28,1,IBcAOflRdTP2W0HRue7QEuu4GdM,gs,gs,ğ“›ğ“°ğ“Šƒğ“Œğ“°ğ“‚,ğ“›ğ“Šƒğ“Œğ“‚,"['ğ“›', 'ğ“Šƒ', 'ğ“Œ', 'ğ“‚']",168280,gs,VERB,,salben,,,0.0,"['ğ“›', 'ğ“Šƒ', 'ğ“Œ', 'ğ“‚']","['complete', 'complete', 'complete', 'complete']"
LZKJPMDPJRCHTAVXRSLYBMFRXI,"Medizinische Texte || pEbers || 71,21-72,10 = Eb 543-550: Heilmittel gegen Blasen",28,2,IBcAOfJmW0O8v0A2n1NsCbv5tnQ,ê½m,ê½m,ğ“‡‹ğ“…“,ğ“‡‹ğ“…“,"['ğ“‡‹', 'ğ“…“']",24640,ê½m,ADV,,da; dort; davon; dadurch; damit,,,0.0,"['ğ“‡‹', 'ğ“…“']","['complete', 'complete']"
LZKJPMDPJRCHTAVXRSLYBMFRXI,"Medizinische Texte || pEbers || 71,21-72,10 = Eb 543-550: Heilmittel gegen Blasen",28,3,IBcAOZNS4gkWaUVPp3MmVzmMxTQ,êœ¥Å¡êœ£,êœ¥Å¡êœ£,ğ“†ˆğ“°ğ“¥,ğ“†ˆğ“¥,"['ğ“†ˆ', 'ğ“¥']",450155,êœ¥Å¡êœ£,ADV,,sehr; oft; vielfach,,,0.0,"['ğ“†ˆ', 'ğ“¥']","['complete', 'complete']"
LZKJPMDPJRCHTAVXRSLYBMFRXI,"Medizinische Texte || pEbers || 71,21-72,10 = Eb 543-550: Heilmittel gegen Blasen",28,4,IBcAOWCvfgIH1UL5mr52oQfaI1o,zp-2,zp-2,ğ“Š—ğ“°ğ“»,ğ“Š—ğ“»,"['ğ“Š—', 'ğ“»']",70011,zp-2,NOUN,,"zweimal (Betonung vor allem beim Imperativ); sehr, wirklich (Betonung beim Adjektiv etc.)",,,0.0,"['ğ“Š—', 'ğ“»']","['complete', 'complete']"
